project,filename,relative_path,tags,tag_source
Onn Hair Salon Spicy Architects Plus Swarm Inc,01.jpg,Onn Hair Salon Spicy Architects Plus Swarm Inc/01.jpg,commercial;furniture;structure,ai
Onn Hair Salon Spicy Architects Plus Swarm Inc,02.jpg,Onn Hair Salon Spicy Architects Plus Swarm Inc/02.jpg,residential;commercial;structure,ai
Onn Hair Salon Spicy Architects Plus Swarm Inc,03.jpg,Onn Hair Salon Spicy Architects Plus Swarm Inc/03.jpg,commercial;structure;fabric,ai
Onn Hair Salon Spicy Architects Plus Swarm Inc,04.jpg,Onn Hair Salon Spicy Architects Plus Swarm Inc/04.jpg,furniture;residential;commercial,ai
Onn Hair Salon Spicy Architects Plus Swarm Inc,05.jpg,Onn Hair Salon Spicy Architects Plus Swarm Inc/05.jpg,residential;structure;commercial,ai
Onn Hair Salon Spicy Architects Plus Swarm Inc,06.jpg,Onn Hair Salon Spicy Architects Plus Swarm Inc/06.jpg,commercial;residential;interior,ai
Onn Hair Salon Spicy Architects Plus Swarm Inc,07.jpg,Onn Hair Salon Spicy Architects Plus Swarm Inc/07.jpg,furniture;commercial;residential,ai
Onn Hair Salon Spicy Architects Plus Swarm Inc,08.jpg,Onn Hair Salon Spicy Architects Plus Swarm Inc/08.jpg,metal;futurism;commercial,ai
Onn Hair Salon Spicy Architects Plus Swarm Inc,09.jpg,Onn Hair Salon Spicy Architects Plus Swarm Inc/09.jpg,structure;residential;commercial,ai
Onn Hair Salon Spicy Architects Plus Swarm Inc,10.jpg,Onn Hair Salon Spicy Architects Plus Swarm Inc/10.jpg,commercial;residential;interior,ai
Onn Hair Salon Spicy Architects Plus Swarm Inc,11.jpg,Onn Hair Salon Spicy Architects Plus Swarm Inc/11.jpg,furniture;residential;commercial,ai
Onn Hair Salon Spicy Architects Plus Swarm Inc,12.jpg,Onn Hair Salon Spicy Architects Plus Swarm Inc/12.jpg,residential;furniture;commercial,ai
Onn Hair Salon Spicy Architects Plus Swarm Inc,13.jpg,Onn Hair Salon Spicy Architects Plus Swarm Inc/13.jpg,concrete;structure;brick,ai
Onn Hair Salon Spicy Architects Plus Swarm Inc,14.jpg,Onn Hair Salon Spicy Architects Plus Swarm Inc/14.jpg,concrete;residential;commercial,ai
Onn Hair Salon Spicy Architects Plus Swarm Inc,15.jpg,Onn Hair Salon Spicy Architects Plus Swarm Inc/15.jpg,residential;floor plan;commercial,ai
